accuracy,precision,recall,f1,average_precision,tn,fp,fn,tp,severity,seed,missing_cells,mechanism
0.9726666666666667,0.5675675675675675,0.8235294117647058,0.672,0.7803092553507491,1417,32,9,42,0.0,42,0,MCAR-style synthetic
0.9713333333333334,0.5606060606060606,0.7254901960784313,0.6324786324786325,0.6933767941898239,1420,29,14,37,0.05,100,366,MCAR-style synthetic
0.972,0.5633802816901409,0.7843137254901961,0.6557377049180327,0.7110868102225911,1418,31,11,40,0.05,101,381,MCAR-style synthetic
0.9733333333333334,0.5774647887323944,0.803921568627451,0.6721311475409836,0.7531091827039273,1419,30,10,41,0.05,102,379,MCAR-style synthetic
0.974,0.5882352941176471,0.7843137254901961,0.6722689075630253,0.7606426451016528,1421,28,11,40,0.05,103,362,MCAR-style synthetic
0.974,0.5857142857142857,0.803921568627451,0.6776859504132231,0.7294307693403228,1420,29,10,41,0.05,104,398,MCAR-style synthetic
0.974,0.5857142857142857,0.803921568627451,0.6776859504132231,0.7669135253882784,1420,29,10,41,0.05,105,391,MCAR-style synthetic
0.972,0.5633802816901409,0.7843137254901961,0.6557377049180327,0.7292675587406989,1418,31,11,40,0.05,106,381,MCAR-style synthetic
0.9733333333333334,0.5774647887323944,0.803921568627451,0.6721311475409836,0.6860874816308447,1419,30,10,41,0.05,107,372,MCAR-style synthetic
0.9726666666666667,0.5714285714285714,0.7843137254901961,0.6611570247933884,0.7310437026345771,1419,30,11,40,0.05,108,375,MCAR-style synthetic
0.974,0.5833333333333334,0.8235294117647058,0.6829268292682927,0.7465923321209053,1419,30,9,42,0.05,109,344,MCAR-style synthetic
0.9733333333333334,0.5774647887323944,0.803921568627451,0.6721311475409836,0.7194963691743603,1419,30,10,41,0.05,110,387,MCAR-style synthetic
0.9693333333333334,0.5362318840579711,0.7254901960784313,0.6166666666666667,0.6981030327319033,1417,32,14,37,0.05,111,357,MCAR-style synthetic
0.974,0.5857142857142857,0.803921568627451,0.6776859504132231,0.767294835844046,1420,29,10,41,0.05,112,336,MCAR-style synthetic
0.974,0.5882352941176471,0.7843137254901961,0.6722689075630253,0.75830011611505,1421,28,11,40,0.05,113,377,MCAR-style synthetic
0.9713333333333334,0.5555555555555556,0.7843137254901961,0.6504065040650406,0.7299392603677101,1417,32,11,40,0.05,114,369,MCAR-style synthetic
0.9726666666666667,0.5757575757575758,0.7450980392156863,0.6495726495726496,0.7446314768890213,1421,28,13,38,0.05,115,400,MCAR-style synthetic
0.974,0.5857142857142857,0.803921568627451,0.6776859504132231,0.6999508134914395,1420,29,10,41,0.05,116,370,MCAR-style synthetic
0.974,0.5833333333333334,0.8235294117647058,0.6829268292682927,0.7519672115310659,1419,30,9,42,0.05,117,402,MCAR-style synthetic
0.9766666666666667,0.625,0.7843137254901961,0.6956521739130435,0.7234578635086066,1425,24,11,40,0.05,118,334,MCAR-style synthetic
0.972,0.5671641791044776,0.7450980392156863,0.6440677966101694,0.7051307930338059,1420,29,13,38,0.05,119,383,MCAR-style synthetic
0.97,0.5454545454545454,0.7058823529411765,0.6153846153846154,0.692760829684586,1419,30,15,36,0.05,120,375,MCAR-style synthetic
0.9713333333333334,0.5571428571428572,0.7647058823529411,0.6446280991735537,0.7414798571961079,1418,31,12,39,0.05,121,392,MCAR-style synthetic
0.9706666666666667,0.5492957746478874,0.7647058823529411,0.639344262295082,0.7155968857123716,1417,32,12,39,0.05,122,363,MCAR-style synthetic
0.972,0.5692307692307692,0.7254901960784313,0.6379310344827587,0.7304301855546251,1421,28,14,37,0.05,123,385,MCAR-style synthetic
0.9726666666666667,0.5694444444444444,0.803921568627451,0.6666666666666666,0.7466601233774717,1418,31,10,41,0.05,124,392,MCAR-style synthetic
0.97,0.5416666666666666,0.7647058823529411,0.6341463414634146,0.7026426781760629,1416,33,12,39,0.05,125,390,MCAR-style synthetic
0.972,0.5633802816901409,0.7843137254901961,0.6557377049180327,0.6691533368430295,1418,31,11,40,0.05,126,402,MCAR-style synthetic
0.9686666666666667,0.527027027027027,0.7647058823529411,0.624,0.6870644132816623,1414,35,12,39,0.05,127,363,MCAR-style synthetic
0.97,0.5428571428571428,0.7450980392156863,0.628099173553719,0.6919549040137725,1417,32,13,38,0.05,128,369,MCAR-style synthetic
0.9713333333333334,0.5555555555555556,0.7843137254901961,0.6504065040650406,0.716650696055342,1417,32,11,40,0.05,129,368,MCAR-style synthetic
0.9693333333333334,0.5384615384615384,0.6862745098039216,0.603448275862069,0.6375966104051771,1419,30,16,35,0.1,100,729,MCAR-style synthetic
0.9746666666666667,0.5970149253731343,0.7843137254901961,0.6779661016949152,0.6958100267504469,1422,27,11,40,0.1,101,763,MCAR-style synthetic
0.9726666666666667,0.5735294117647058,0.7647058823529411,0.6554621848739496,0.6657569819778316,1420,29,12,39,0.1,102,776,MCAR-style synthetic
0.9706666666666667,0.5538461538461539,0.7058823529411765,0.6206896551724138,0.6932386546255506,1420,29,15,36,0.1,103,755,MCAR-style synthetic
0.9726666666666667,0.578125,0.7254901960784313,0.6434782608695652,0.652502293053367,1422,27,14,37,0.1,104,784,MCAR-style synthetic
0.972,0.5714285714285714,0.7058823529411765,0.631578947368421,0.6543597008379253,1422,27,15,36,0.1,105,750,MCAR-style synthetic
0.97,0.5416666666666666,0.7647058823529411,0.6341463414634146,0.6735977915938055,1416,33,12,39,0.1,106,785,MCAR-style synthetic
0.9706666666666667,0.5522388059701493,0.7254901960784313,0.6271186440677966,0.6672207580088516,1419,30,14,37,0.1,107,748,MCAR-style synthetic
0.9726666666666667,0.5757575757575758,0.7450980392156863,0.6495726495726496,0.6965996036979911,1421,28,13,38,0.1,108,753,MCAR-style synthetic
0.972,0.5616438356164384,0.803921568627451,0.6612903225806451,0.6694630013933699,1417,32,10,41,0.1,109,724,MCAR-style synthetic
0.9686666666666667,0.5333333333333333,0.6274509803921569,0.5765765765765766,0.5559651781853688,1421,28,19,32,0.1,110,784,MCAR-style synthetic
0.97,0.546875,0.6862745098039216,0.6086956521739131,0.5995749339675948,1420,29,16,35,0.1,111,749,MCAR-style synthetic
0.9766666666666667,0.6290322580645161,0.7647058823529411,0.6902654867256637,0.7116805354335038,1426,23,12,39,0.1,112,723,MCAR-style synthetic
0.974,0.5967741935483871,0.7254901960784313,0.6548672566371682,0.6759849586711821,1424,25,14,37,0.1,113,765,MCAR-style synthetic
0.9733333333333334,0.5797101449275363,0.7843137254901961,0.6666666666666666,0.729909619157765,1420,29,11,40,0.1,114,770,MCAR-style synthetic
0.9733333333333334,0.5873015873015873,0.7254901960784313,0.6491228070175439,0.6989550572075528,1423,26,14,37,0.1,115,774,MCAR-style synthetic
0.974,0.6,0.7058823529411765,0.6486486486486487,0.6131138209260738,1425,24,15,36,0.1,116,749,MCAR-style synthetic
0.9733333333333334,0.5797101449275363,0.7843137254901961,0.6666666666666666,0.7323507286829809,1420,29,11,40,0.1,117,742,MCAR-style synthetic
0.9746666666666667,0.6031746031746031,0.7450980392156863,0.6666666666666666,0.668181269032732,1424,25,13,38,0.1,118,707,MCAR-style synthetic
0.9706666666666667,0.559322033898305,0.6470588235294118,0.6,0.6226749311969425,1423,26,18,33,0.1,119,731,MCAR-style synthetic
0.9686666666666667,0.5303030303030303,0.6862745098039216,0.5982905982905983,0.5930080143430236,1418,31,16,35,0.1,120,740,MCAR-style synthetic
0.972,0.5692307692307692,0.7254901960784313,0.6379310344827587,0.6905157196598578,1421,28,14,37,0.1,121,772,MCAR-style synthetic
0.9693333333333334,0.5362318840579711,0.7254901960784313,0.6166666666666667,0.6515150994468717,1417,32,14,37,0.1,122,736,MCAR-style synthetic
0.9746666666666667,0.6140350877192983,0.6862745098039216,0.6481481481481481,0.682047638317349,1427,22,16,35,0.1,123,762,MCAR-style synthetic
0.9686666666666667,0.5294117647058824,0.7058823529411765,0.6050420168067226,0.6670134756745008,1417,32,15,36,0.1,124,784,MCAR-style synthetic
0.9666666666666667,0.5076923076923077,0.6470588235294118,0.5689655172413793,0.6281405492576518,1417,32,18,33,0.1,125,795,MCAR-style synthetic
0.9693333333333334,0.5373134328358209,0.7058823529411765,0.6101694915254238,0.5816546124005867,1418,31,15,36,0.1,126,811,MCAR-style synthetic
0.968,0.5238095238095238,0.6470588235294118,0.5789473684210527,0.5918423675681432,1419,30,18,33,0.1,127,721,MCAR-style synthetic
0.9706666666666667,0.5522388059701493,0.7254901960784313,0.6271186440677966,0.690999472995045,1419,30,14,37,0.1,128,756,MCAR-style synthetic
0.968,0.5217391304347826,0.7058823529411765,0.6,0.6147082304146491,1416,33,15,36,0.1,129,746,MCAR-style synthetic
0.9686666666666667,0.5370370370370371,0.5686274509803921,0.5523809523809524,0.5910274957544859,1424,25,22,29,0.2,100,1471,MCAR-style synthetic
0.974,0.6111111111111112,0.6470588235294118,0.6285714285714286,0.6115327121437115,1428,21,18,33,0.2,101,1533,MCAR-style synthetic
0.972,0.5818181818181818,0.6274509803921569,0.6037735849056604,0.5838601906845344,1426,23,19,32,0.2,102,1505,MCAR-style synthetic
0.9693333333333334,0.5409836065573771,0.6470588235294118,0.5892857142857143,0.6076351477940931,1421,28,18,33,0.2,103,1521,MCAR-style synthetic
0.9733333333333334,0.6078431372549019,0.6078431372549019,0.6078431372549019,0.5349952257988037,1429,20,20,31,0.2,104,1524,MCAR-style synthetic
0.97,0.5576923076923077,0.5686274509803921,0.5631067961165048,0.5054991409670901,1426,23,22,29,0.2,105,1469,MCAR-style synthetic
0.972,0.5737704918032787,0.6862745098039216,0.625,0.6054588559869671,1423,26,16,35,0.2,106,1498,MCAR-style synthetic
0.974,0.603448275862069,0.6862745098039216,0.6422018348623854,0.6246176748271194,1426,23,16,35,0.2,107,1490,MCAR-style synthetic
0.9733333333333334,0.6,0.6470588235294118,0.6226415094339622,0.6037352747184136,1427,22,18,33,0.2,108,1501,MCAR-style synthetic
0.9733333333333334,0.582089552238806,0.7647058823529411,0.6610169491525424,0.6109034684889156,1421,28,12,39,0.2,109,1489,MCAR-style synthetic
0.968,0.5333333333333333,0.47058823529411764,0.5,0.4190584483552915,1428,21,27,24,0.2,110,1553,MCAR-style synthetic
0.968,0.5254237288135594,0.6078431372549019,0.5636363636363636,0.518812357972322,1421,28,20,31,0.2,111,1462,MCAR-style synthetic
0.9706666666666667,0.5686274509803921,0.5686274509803921,0.5686274509803921,0.5302979432322068,1427,22,22,29,0.2,112,1449,MCAR-style synthetic
0.9713333333333334,0.5769230769230769,0.5882352941176471,0.5825242718446602,0.5872015150919756,1427,22,21,30,0.2,113,1488,MCAR-style synthetic
0.9713333333333334,0.5645161290322581,0.6862745098039216,0.6194690265486725,0.5942793149648568,1422,27,16,35,0.2,114,1530,MCAR-style synthetic
0.974,0.6111111111111112,0.6470588235294118,0.6285714285714286,0.6039755368023391,1428,21,18,33,0.2,115,1509,MCAR-style synthetic
0.972,0.5849056603773585,0.6078431372549019,0.5961538461538461,0.5191646924419259,1427,22,20,31,0.2,116,1527,MCAR-style synthetic
0.9706666666666667,0.559322033898305,0.6470588235294118,0.6,0.6254504153442226,1423,26,18,33,0.2,117,1506,MCAR-style synthetic
0.9726666666666667,0.5833333333333334,0.6862745098039216,0.6306306306306306,0.5539678434041079,1424,25,16,35,0.2,118,1476,MCAR-style synthetic
0.9706666666666667,0.5636363636363636,0.6078431372549019,0.5849056603773585,0.6365833697170792,1425,24,20,31,0.2,119,1515,MCAR-style synthetic
0.968,0.5263157894736842,0.5882352941176471,0.5555555555555556,0.5183564784144326,1422,27,21,30,0.2,120,1511,MCAR-style synthetic
0.9726666666666667,0.5892857142857143,0.6470588235294118,0.616822429906542,0.6200728387360267,1426,23,18,33,0.2,121,1541,MCAR-style synthetic
0.9733333333333334,0.5964912280701754,0.6666666666666666,0.6296296296296297,0.6203696299642549,1426,23,17,34,0.2,122,1485,MCAR-style synthetic
0.9746666666666667,0.6226415094339622,0.6470588235294118,0.6346153846153846,0.6473530316310055,1429,20,18,33,0.2,123,1513,MCAR-style synthetic
0.9726666666666667,0.5862068965517241,0.6666666666666666,0.6238532110091743,0.6325369089466409,1425,24,17,34,0.2,124,1495,MCAR-style synthetic
0.9673333333333334,0.5161290322580645,0.6274509803921569,0.5663716814159292,0.5113999984347924,1419,30,19,32,0.2,125,1552,MCAR-style synthetic
0.9673333333333334,0.5172413793103449,0.5882352941176471,0.5504587155963303,0.5022090480257322,1421,28,21,30,0.2,126,1524,MCAR-style synthetic
0.9693333333333334,0.5490196078431373,0.5490196078431373,0.5490196078431373,0.5024001346973608,1426,23,23,28,0.2,127,1485,MCAR-style synthetic
0.9693333333333334,0.5396825396825397,0.6666666666666666,0.5964912280701754,0.5394391658906725,1420,29,17,34,0.2,128,1491,MCAR-style synthetic
0.9706666666666667,0.559322033898305,0.6470588235294118,0.6,0.5867135144137646,1423,26,18,33,0.2,129,1492,MCAR-style synthetic
0.968,0.5306122448979592,0.5098039215686274,0.52,0.477744398052028,1426,23,25,26,0.3,100,2212,MCAR-style synthetic
0.9726666666666667,0.6136363636363636,0.5294117647058824,0.5684210526315789,0.5255981969467767,1432,17,24,27,0.3,101,2263,MCAR-style synthetic
0.9713333333333334,0.5909090909090909,0.5098039215686274,0.5473684210526316,0.4708366435171684,1431,18,25,26,0.3,102,2252,MCAR-style synthetic
0.968,0.5283018867924528,0.5490196078431373,0.5384615384615384,0.5484278524402482,1424,25,23,28,0.3,103,2233,MCAR-style synthetic
0.9746666666666667,0.6585365853658537,0.5294117647058824,0.5869565217391305,0.5562046308614659,1435,14,24,27,0.3,104,2266,MCAR-style synthetic
0.97,0.5714285714285714,0.47058823529411764,0.5161290322580645,0.4849303432920921,1431,18,27,24,0.3,105,2213,MCAR-style synthetic
0.9673333333333334,0.5208333333333334,0.49019607843137253,0.5050505050505051,0.4668216579472444,1426,23,26,25,0.3,106,2250,MCAR-style synthetic
0.97,0.56,0.5490196078431373,0.5544554455445545,0.5143246295020275,1427,22,23,28,0.3,107,2232,MCAR-style synthetic
0.97,0.56,0.5490196078431373,0.5544554455445545,0.4732155393815359,1427,22,23,28,0.3,108,2231,MCAR-style synthetic
0.9706666666666667,0.5714285714285714,0.5490196078431373,0.56,0.48678766520790595,1428,21,23,28,0.3,109,2265,MCAR-style synthetic
0.966,0.5,0.39215686274509803,0.43956043956043955,0.3038231798676751,1429,20,31,20,0.3,110,2313,MCAR-style synthetic
0.97,0.56,0.5490196078431373,0.5544554455445545,0.5504426817937482,1427,22,23,28,0.3,111,2151,MCAR-style synthetic
0.9713333333333334,0.5909090909090909,0.5098039215686274,0.5473684210526316,0.5151106107807049,1431,18,25,26,0.3,112,2243,MCAR-style synthetic
0.9706666666666667,0.5777777777777777,0.5098039215686274,0.5416666666666666,0.5072284720729934,1430,19,25,26,0.3,113,2229,MCAR-style synthetic
0.9693333333333334,0.543859649122807,0.6078431372549019,0.5740740740740741,0.48464723852711683,1423,26,20,31,0.3,114,2263,MCAR-style synthetic
0.9733333333333334,0.627906976744186,0.5294117647058824,0.574468085106383,0.5229716560084711,1433,16,24,27,0.3,115,2274,MCAR-style synthetic
0.972,0.6,0.5294117647058824,0.5625,0.4472784084503447,1431,18,24,27,0.3,116,2242,MCAR-style synthetic
0.9713333333333334,0.5769230769230769,0.5882352941176471,0.5825242718446602,0.5472576725677063,1427,22,21,30,0.3,117,2252,MCAR-style synthetic
0.972,0.5882352941176471,0.5882352941176471,0.5882352941176471,0.46920420780064304,1428,21,21,30,0.3,118,2190,MCAR-style synthetic
0.964,0.46938775510204084,0.45098039215686275,0.46,0.4236680301414551,1423,26,28,23,0.3,119,2254,MCAR-style synthetic
0.972,0.6097560975609756,0.49019607843137253,0.5434782608695652,0.5156023551915925,1433,16,26,25,0.3,120,2270,MCAR-style synthetic
0.9733333333333334,0.6037735849056604,0.6274509803921569,0.6153846153846154,0.5559061667354616,1428,21,19,32,0.3,121,2264,MCAR-style synthetic
0.9706666666666667,0.5777777777777777,0.5098039215686274,0.5416666666666666,0.5291816553005281,1430,19,25,26,0.3,122,2262,MCAR-style synthetic
0.9733333333333334,0.6341463414634146,0.5098039215686274,0.5652173913043478,0.5053457018423282,1434,15,25,26,0.3,123,2253,MCAR-style synthetic
0.9766666666666667,0.6818181818181818,0.5882352941176471,0.631578947368421,0.5951567932961885,1435,14,21,30,0.3,124,2242,MCAR-style synthetic
0.9673333333333334,0.5185185185185185,0.5490196078431373,0.5333333333333333,0.45242590597349824,1423,26,23,28,0.3,125,2302,MCAR-style synthetic
0.9653333333333334,0.4888888888888889,0.43137254901960786,0.4583333333333333,0.3903433846294241,1426,23,29,22,0.3,126,2317,MCAR-style synthetic
0.972,0.6046511627906976,0.5098039215686274,0.5531914893617021,0.46860008398123687,1432,17,25,26,0.3,127,2223,MCAR-style synthetic
0.9633333333333334,0.4583333333333333,0.43137254901960786,0.4444444444444444,0.4053028031286865,1423,26,29,22,0.3,128,2275,MCAR-style synthetic
0.9726666666666667,0.6086956521739131,0.5490196078431373,0.5773195876288659,0.5606301469673171,1431,18,23,28,0.3,129,2221,MCAR-style synthetic
